Provinsi,Tahun,Semangka_Ton,Salak_Ton,Nanas_Ton,Nangka_Ton,Mangga_Ton,JerukBesar_Ton,JambuAir_Ton,Pepaya_Ton,Rambutan_Ton,Alpukat_Ton,Durian_Ton,JambuBiji_Ton
ACEH,2020,8271,1484,1356,9453,22872,12702,4081,24323,21640,20609,28018,2463
SUMATERA UTARA,2020,63627,301932,158205,15664,32600,4612,13314,30065,18721,32012,74675,10862
SUMATERA BARAT,2020,18893,1181,293,12608,12502,664,4582,37549,17574,69787,131430,11755
RIAU,2020,30658,4357,214277,22944,18946,3367,10706,21016,21973,1179,15168,11069
JAMBI,2020,6069,4090,149592,16636,4574,518,2402,14118,6510,9817,16063,2546
SUMATERA SELATAN,2020,14086,1895,137363,11493,13824,662,4327,25426,10654,36343,30334,5958
BENGKULU,2020,1406,1186,333,5105,6026,1366,1193,4755,5102,6282,9260,931
LAMPUNG,2020,25007,8779,662588,31043,21849,2600,7664,92459,18951,17304,14620,17343
KEP. BANGKA BELITUNG,2020,4144,703,6052,3723,1817,258,2103,1504,1826,839,4312,615
KEP. RIAU,2020,2600,732,4054,5818,3787,50,593,1968,282,230,3556,576
DKI JAKARTA,2020,0,112,0,733,5717,25,2552,513,1859,1491,87,678
JAWA BARAT,2020,14606,31693,250942,75257,442587,13042,20996,99088,127144,104665,73017,79434
JAWA TENGAH,2020,85954,512228,252221,161163,481920,13800,42312,120747,101988,73933,138100,105639
DI YOGYAKARTA,2020,7090,54996,519,14210,29833,363,3838,13995,9013,2304,6771,4284
JAWA TIMUR,2020,132547,141073,220552,177413,1292960,19983,33730,268375,126863,175735,275795,90846
BANTEN,2020,3438,924,369,6290,28719,379,7278,20798,22321,2019,32488,6689
BALI,2020,16046,75388,790,30741,57688,4154,3875,16789,15943,2815,26479,4071
NUSA TENGGARA BARAT,2020,34477,91,46187,74933,140242,1862,1846,13105,17400,19260,30578,8571
NUSA TENGGARA TIMUR,2020,2844,2977,17474,22777,60501,2585,1246,84717,4697,13870,1753,6113
KALIMANTAN BARAT,2020,5822,1729,208463,11612,4305,1295,2405,17975,6479,687,14673,3318
KALIMANTAN TENGAH,2020,13975,786,14455,13652,1781,739,1048,3769,7324,176,6234,2026
KALIMANTAN SELATAN,2020,24873,769,12986,20375,10609,656,664,4052,16253,29,17890,1610
KALIMANTAN TIMUR,2020,6957,19878,21976,13584,4260,910,1791,15121,9209,1148,10497,2228
KALIMANTAN UTARA,2020,695,3320,345,8254,5804,175,693,6698,5996,119,9577,311
SULAWESI UTARA,2020,501,32212,1780,8329,12016,1220,956,9985,6512,3317,6849,1062
SULAWESI TENGAH,2020,11259,963,49593,3711,10486,444,558,4349,7893,2131,19382,488
SULAWESI SELATAN,2020,12871,12039,2111,23555,115418,35574,1583,25033,40570,6795,73910,9407
SULAWESI TENGGARA,2020,1183,3012,9754,7752,24471,2530,1835,17629,15318,1175,11738,2369
GORONTALO,2020,84,2,267,1234,3101,113,7,1992,972,24,5667,31
SULAWESI BARAT,2020,269,55,1248,2943,9084,204,172,3367,7082,503,16394,257
MALUKU,2020,1238,2025,307,4730,6595,1840,1481,9287,1284,1044,21974,1024
MALUKU UTARA,2020,1092,1104,295,1823,3272,551,597,1983,2459,878,2764,792
PAPUA BARAT,2020,545,1325,372,3054,2434,144,206,2972,2194,400,2370,496
PAPUA,2020,7195,50,123,1457,5989,178,271,868,1172,133,773,407
ACEH,2019,9472,314,1143,8475,21533,8529,2165,13791,22648,11576,23953,1360
SUMATERA UTARA,2019,41170,235506,138286,11394,31980,1300,16555,30421,17849,18525,90105,8456
SUMATERA BARAT,2019,21402,1136,265,10493,13540,230,2586,39213,11940,54204,62564,3497
RIAU,2019,17841,2159,132583,21703,17908,1243,4026,13604,28910,965,23010,6586
JAMBI,2019,5762,1771,137622,14391,5436,600,1449,11071,8185,4892,20780,1402
SUMATERA SELATAN,2019,20799,1341,179845,12985,23760,351,3317,17817,14296,38266,42048,3713
BENGKULU,2019,1074,1694,236,4860,7195,155,497,4518,5421,6470,11395,752
LAMPUNG,2019,18362,5153,699243,41628,25547,2019,5073,105598,21946,18502,16218,7580
KEP. BANGKA BELITUNG,2019,2453,731,2567,2623,3111,54,905,1311,2704,491,7247,306
KEP. RIAU,2019,4362,517,2242,3666,3269,255,374,1838,2990,114,2584,327
DKI JAKARTA,2019,0,314,0,653,4721,21,1451,488,2892,998,68,1652
JAWA BARAT,2019,11944,15285,228601,79697,418522,5535,17934,97727,145581,104084,94183,50887
JAWA TENGAH,2019,73038,482949,173605,148432,485041,17951,26908,117409,108004,60145,172939,62417
DI YOGYAKARTA,2019,8909,41200,496,12172,58130,416,2588,8376,9547,2385,6265,2754
JAWA TIMUR,2019,148803,102283,250292,158124,1148121,29642,20400,284485,131209,101310,289334,48561
BANTEN,2019,1360,400,506,4852,38571,119,2806,13745,17218,2047,46436,4068
BALI,2019,19719,25640,1104,18286,65693,1019,779,6888,21445,2452,21915,2136
NUSA TENGGARA BARAT,2019,29646,20,74452,68855,141794,1451,2297,12906,10916,4189,17179,9331
NUSA TENGGARA TIMUR,2019,4230,1047,7809,21050,51845,3710,1001,67879,3754,11682,1574,3876
KALIMANTAN BARAT,2019,4523,1122,76400,12595,10082,1281,2150,18045,25142,504,27209,2438
KALIMANTAN TENGAH,2019,9516,559,6579,20206,4348,622,846,2835,16150,194,12149,1712
KALIMANTAN SELATAN,2019,19612,496,12358,21968,10408,561,804,4757,23210,42,27422,1966
KALIMANTAN TIMUR,2019,11570,12867,20965,16340,5331,385,1033,24969,16392,1719,13994,1398
KALIMANTAN UTARA,2019,1056,1669,525,8204,3470,372,357,12078,13562,105,10017,273
SULAWESI UTARA,2019,71,3651,600,2935,14188,371,316,7901,7455,4017,11635,477
SULAWESI TENGAH,2019,3532,401,40635,5030,14650,483,772,4314,6695,2945,25288,421
SULAWESI SELATAN,2019,19232,6397,2898,25136,129432,36674,1033,36910,38101,5159,45729,7618
SULAWESI TENGGARA,2019,1987,1179,2566,6183,19396,1940,1319,9231,12985,760,10265,1525
GORONTALO,2019,10,0,348,1315,2204,94,6,1087,593,21,6026,12
SULAWESI BARAT,2019,270,150,368,5421,13718,283,219,4987,9916,637,11580,490
MALUKU,2019,1747,1106,458,4248,8394,402,443,6094,1165,806,13369,244
MALUKU UTARA,2019,1321,4038,353,2185,2843,396,158,1533,1898,931,2383,264
PAPUA BARAT,2019,405,2600,437,3033,3427,324,320,2403,3627,339,2813,692
PAPUA,2019,8135,73,71,721,1331,184,60,763,240,137,128,216
ACEH,2018,13669,232,1203,8219,19104,7446,1815,10685,19679,8844,24149,1377
SUMATERA UTARA,2018,68821,194455,145618,10881,26434,1256,15422,24867,16841,15863,82873,11382
SUMATERA BARAT,2018,10767,1182,190,10832,11828,306,2384,41943,12092,48513,57670,3293
RIAU,2018,17178,2334,95019,23789,19743,1405,3995,19783,21904,789,27443,6060
JAMBI,2018,3662,1423,47275,13891,3869,422,1036,11846,7609,3236,20392,1287
SUMATERA SELATAN,2018,18897,2616,134895,18466,24168,723,3641,21081,17255,28902,56843,3568
BENGKULU,2018,724,1253,200,4418,5390,288,462,3999,5925,6490,15058,673
LAMPUNG,2018,16843,3472,622881,41189,25184,1385,5371,64813,26165,13676,29684,6726
KEP. BANGKA BELITUNG,2018,2106,610,6089,2149,2011,86,787,1775,2655,468,7189,324
KEP. RIAU,2018,3999,192,1952,2578,1303,95,138,2189,5280,81,4582,260
DKI JAKARTA,2018,,321,,228,3406,12,791,394,1057,96,73,572
JAWA BARAT,2018,23319,18621,180802,79988,404543,4348,14188,97122,105734,91383,95056,46332
JAWA TENGAH,2018,57618,416860,202823,141822,443487,16739,24896,102862,113741,44522,143227,63716
DI YOGYAKARTA,2018,3709,90296,419,13382,61171,632,2288,6816,10288,3149,6596,2412
JAWA TIMUR,2018,126750,101943,139234,135703,1059325,18896,17874,262160,137049,108381,276426,46073
BANTEN,2018,953,803,509,6167,33431,217,2893,12248,14219,1926,77629,2459
BALI,2018,16219,23602,923,17836,62127,913,918,10283,15030,2242,24585,2071
NUSA TENGGARA BARAT,2018,18596,26,130963,81112,151354,1168,2029,11910,12662,2984,13491,9308
NUSA TENGGARA TIMUR,2018,1099,1304,4865,19340,47291,3332,595,55068,3365,12189,2008,4008
KALIMANTAN BARAT,2018,4007,4062,29492,12027,6752,1098,1729,14357,17062,292,25282,1625
KALIMANTAN TENGAH,2018,8421,753,9181,18664,4321,717,753,3066,16154,115,11233,1417
KALIMANTAN SELATAN,2018,27891,1256,12157,27683,11292,2500,2465,9234,31864,31,25292,2079
KALIMANTAN TIMUR,2018,11572,9931,24931,21024,6386,628,922,18317,10674,1017,9194,2276
KALIMANTAN UTARA,2018,987,1005,577,10511,8899,402,414,11468,18479,65,15517,279
SULAWESI UTARA,2018,270,2559,2058,3657,14110,308,159,6393,4986,2760,9355,332
SULAWESI TENGAH,2018,4530,1220,6402,3325,9434,515,320,2191,5571,1949,13944,338
SULAWESI SELATAN,2018,7433,12203,1525,25468,120968,33314,1251,37669,41001,7272,35808,8072
SULAWESI TENGGARA,2018,938,748,1714,5561,12824,1742,1450,10034,7658,643,6861,1252
GORONTALO,2018,8,,439,1636,3307,117,11,694,480,25,4410,29
SULAWESI BARAT,2018,76,85,334,6728,8930,194,153,2149,10647,594,9575,158
MALUKU,2018,1951,895,463,4041,8280,476,385,8274,1384,946,9303,567
MALUKU UTARA,2018,112,73,222,1031,400,237,59,964,438,212,266,187
PAPUA BARAT,2018,158,49,38,103,356,35,33,46,203,45,424,13
PAPUA,2018,8461,120,113,2031,3363,447,176,891,784,394,664,172
ACEH,2017,8018,297,513,8338,17350,12635,2196,12232,19567,8427,21241,1435
SUMATERA UTARA,2017,63811,162622,160552,9971,24692,18076,11714,29570,15266,15123,64659,9807
SUMATERA BARAT,2017,14755,1377,192,11002,7703,210,2342,33252,14730,50247,74540,3460
RIAU,2017,18272,3000,79327,17226,14668,848,2937,14163,16760,653,12369,5630
JAMBI,2017,2388,1009,44265,10403,3214,485,1295,13694,8226,2186,21372,1073
SUMATERA SELATAN,2017,17430,2404,109071,18575,12047,1393,3494,19394,9360,35178,19930,2938
BENGKULU,2017,1505,1059,172,3735,5226,834,587,3252,7056,5066,11555,554
LAMPUNG,2017,26368,4826,633095,40247,21139,323,4997,80364,15274,13569,33019,8320
KEP. BANGKA BELITUNG,2017,1971,576,4311,1933,1657,38,736,2545,1409,333,3195,293
KEP. RIAU,2017,4302,553,1757,2416,1110,49,219,2463,2029,79,2190,329
DKI JAKARTA,2017,0,405,0,365,6000,14,1838,457,1863,469,44,1028
JAWA BARAT,2017,26085,13960,246698,58830,325457,2886,14864,85139,57552,82663,66314,44246
JAWA TENGAH,2017,67714,576361,85938,117296,389019,13196,22946,136659,103602,36528,91385,52805
DI YOGYAKARTA,2017,5925,37913,533,12824,32238,371,2725,6038,12407,3777,6767,2117
JAWA TIMUR,2017,120295,97164,126963,108448,898595,20543,13735,241537,108247,78067,227952,33244
BANTEN,2017,1039,400,218,3399,18363,81,2528,7948,8154,1349,22628,2072
BALI,2017,24547,22602,427,18066,56479,619,744,6329,12921,2261,8435,1672
NUSA TENGGARA BARAT,2017,6062,41,138623,95877,165250,1765,2005,10300,12320,4467,11948,8382
NUSA TENGGARA TIMUR,2017,767,1006,5354,15475,42508,4544,445,51446,2194,9639,1089,3265
KALIMANTAN BARAT,2017,3679,1484,72504,9067,3871,988,1355,10494,11598,289,15022,1596
KALIMANTAN TENGAH,2017,4516,369,7646,8686,1659,482,521,3093,5405,65,4098,1328
KALIMANTAN SELATAN,2017,44197,740,11639,18455,7946,3124,2147,6403,20644,59,6954,1695
KALIMANTAN TIMUR,2017,10252,2233,30489,14196,5423,995,845,16156,9037,1207,7166,2208
KALIMANTAN UTARA,2017,482,589,277,5962,5549,243,222,10417,12507,32,5359,181
SULAWESI UTARA,2017,93,567,1534,1617,6620,243,162,9480,2791,2105,4317,337
SULAWESI TENGAH,2017,6019,785,29424,3428,7012,378,518,3092,2663,2284,13770,556
SULAWESI SELATAN,2017,7163,8313,1360,24477,97026,42058,1138,39226,18660,4325,17068,8093
SULAWESI TENGGARA,2017,837,620,1294,4690,7393,1181,690,5147,3418,515,2622,875
GORONTALO,2017,27,1,467,2166,1934,73,12,715,940,30,4034,35
SULAWESI BARAT,2017,119,96,387,3877,8272,137,239,4940,4429,502,5954,175
MALUKU,2017,802,877,573,4167,7114,321,402,7265,1345,1176,6479,453
MALUKU UTARA,2017,352,9449,188,808,975,84,98,772,896,183,1278,82
PAPUA BARAT,2017,104,70,125,135,105,22,77,253,132,102,158,45
PAPUA,2017,9573,77,69,426,177,891,146,873,298,193,293,158
ACEH,2016,15522,230,649,7215,21204,13391,2567,12798,16479,5026,23887,1492
SUMATERA UTARA,2016,41101,118619,163504,10253,21500,8598,5729,20234,17802,14104,74811,10049
SUMATERA BARAT,2016,16927,1413,194,10511,12265,129,2191,25143,18609,44457,43885,3364
RIAU,2016,17849,2258,94129,10722,9946,327,1774,12158,6280,585,6912,3618
JAMBI,2016,3547,1052,66094,12574,2884,1147,1108,18985,5672,1623,13704,1141
SUMATERA SELATAN,2016,20526,2800,57291,13134,11153,594,2742,20214,11050,15603,14205,2226
BENGKULU,2016,1622,996,156,3155,3923,287,433,5053,4535,4904,12999,695
LAMPUNG,2016,24951,3773,453812,40163,21359,402,4920,88107,20598,11652,28481,6137
KEP. BANGKA BELITUNG,2016,1503,1047,5266,3960,1907,46,598,2335,2128,338,1760,330
KEP. RIAU,2016,3341,358,932,3232,1426,55,217,1659,8556,80,2965,272
DKI JAKARTA,2016,0,493,0,564,3798,10,1952,339,941,512,36,1275
JAWA BARAT,2016,17009,17007,209348,58767,260107,4739,12880,86576,69669,63509,56662,42555
JAWA TENGAH,2016,60013,354770,102426,100549,334596,14974,21380,139028,81977,33123,74968,60802
DI YOGYAKARTA,2016,9640,77805,350,26414,19613,390,3204,14756,22726,6047,8327,3359
JAWA TIMUR,2016,129749,73741,65102,118025,655692,19946,10570,235370,97013,72502,201687,30527
BANTEN,2016,1201,1405,259,5943,26614,138,2340,8262,17367,689,6890,4377
BALI,2016,16352,22220,569,20758,42391,521,786,5085,14658,2205,11158,1616
NUSA TENGGARA BARAT,2016,6562,39,75640,65794,109069,2177,2453,7779,14103,2352,13064,9020
NUSA TENGGARA TIMUR,2016,597,1107,5224,20913,88975,2430,955,63201,5427,10178,1690,3817
KALIMANTAN BARAT,2016,6045,1109,34951,6472,4339,1055,1480,9786,9670,349,11677,1438
KALIMANTAN TENGAH,2016,4364,728,7466,13006,6240,1055,978,2206,11312,142,7365,1679
KALIMANTAN SELATAN,2016,35444,677,15652,19774,7586,649,819,3841,21646,64,12548,1594
KALIMANTAN TIMUR,2016,13945,7023,9373,16298,5181,1257,955,14572,14928,586,9079,2085
KALIMANTAN UTARA,2016,508,539,261,3545,5605,114,326,8547,5122,39,4364,164
SULAWESI UTARA,2016,490,283,14407,3067,8600,434,199,6877,3545,2828,8561,447
SULAWESI TENGAH,2016,6873,1419,7889,5516,10940,419,647,10503,7403,3239,17667,509
SULAWESI SELATAN,2016,13255,7576,1494,33569,86081,44463,1451,51189,38621,5426,37139,9238
SULAWESI TENGGARA,2016,1385,459,1165,5782,7415,2296,957,7867,10435,690,3061,1093
GORONTALO,2016,41,3,217,1079,4284,42,53,923,440,12,1298,39
SULAWESI BARAT,2016,313,339,907,6964,11747,962,899,8062,8775,434,16146,976
MALUKU,2016,924,581,813,4101,6076,800,603,10002,2531,1069,5915,615
MALUKU UTARA,2016,655,182,215,2075,1636,204,191,1390,1702,283,2119,170
PAPUA BARAT,2016,1410,107,44,122,143,30,27,156,253,70,155,29
PAPUA,2016,7233,192,354,898,255,179,298,1281,220,218,238,237
ACEH,2015,15962,179,790,7854,18689,12021,2153,11189,14457,4583,16999,1492
SUMATERA UTARA,2015,73861,192585,223128,11018,32173,2956,6821,26305,24953,11833,65529,8807
SUMATERA BARAT,2015,20058,1766,213,7862,6712,299,1720,14950,17527,53425,52503,2531
RIAU,2015,13702,1569,74388,10381,10248,370,1277,7038,9960,533,12366,3246
JAMBI,2015,2277,864,142845,19703,4323,345,857,21389,7841,10435,16140,1420
SUMATERA SELATAN,2015,12546,1251,57521,12363,14557,479,2262,17306,18890,20815,32561,2608
BENGKULU,2015,1356,1588,243,3941,5055,271,473,6116,5091,5147,17951,732
LAMPUNG,2015,28238,3984,534775,42036,30880,743,5009,70542,36923,10780,46957,3493
KEP. BANGKA BELITUNG,2015,1596,1417,2826,5934,3288,52,366,1843,4332,325,5042,259
KEP. RIAU,2015,2561,694,541,2394,2208,33,170,2076,5319,72,5460,187
DKI JAKARTA,2015,0,436,0,770,5875,15,2300,503,1853,186,100,1153
JAWA BARAT,2015,27442,56981,187555,60623,310226,7442,14366,86485,169825,105238,107110,46790
JAWA TENGAH,2015,74992,471463,201039,104914,396636,17202,19923,103744,150519,31043,102452,48050
DI YOGYAKARTA,2015,9135,73283,454,28381,36740,418,3075,12543,24542,5662,8356,3283
JAWA TIMUR,2015,153523,105019,171304,116495,806645,15160,14110,266015,149148,78124,233715,28340
BANTEN,2015,1114,2171,254,8694,35292,146,2455,9824,35637,771,48546,3190
BALI,2015,29637,27204,409,49734,54554,305,540,8764,20702,2066,15254,1694
NUSA TENGGARA BARAT,2015,26796,52,24464,68360,120697,2460,3589,11311,16103,2437,14206,11403
NUSA TENGGARA TIMUR,2015,446,1139,4932,20637,55870,3816,1240,66686,4588,10483,1817,4754
KALIMANTAN BARAT,2015,7575,681,56178,8655,5049,1396,1574,9592,10044,223,19041,1557
KALIMANTAN TENGAH,2015,2742,776,6729,15668,5007,870,713,4072,14543,112,13191,1276
KALIMANTAN SELATAN,2015,16941,677,15661,20760,8574,686,1088,4162,34221,41,15418,1895
KALIMANTAN TIMUR,2015,17095,3737,8183,10862,6541,593,837,9156,19291,502,10173,1701
KALIMANTAN UTARA,2015,617,83,263,2133,2517,78,68,2711,1221,15,3333,76
SULAWESI UTARA,2015,5166,2452,8363,1654,7496,175,138,5484,4481,2111,7464,386
SULAWESI TENGAH,2015,5997,1464,840,6693,15631,766,702,4652,6465,2658,19962,647
SULAWESI SELATAN,2015,19890,9774,1261,32197,117205,39377,2320,42503,53419,19789,58518,11977
SULAWESI TENGGARA,2015,1294,478,2514,6184,25868,1529,828,7781,11621,409,9376,979
GORONTALO,2015,20,4,192,1185,7512,174,59,1247,562,24,3079,114
SULAWESI BARAT,2015,49,119,551,2435,11227,288,168,1423,4263,459,13109,159
MALUKU,2015,426,1088,822,5869,9440,571,625,11663,1264,1226,15941,494
MALUKU UTARA,2015,1003,130,231,2578,4671,480,480,1434,1981,549,2004,327
PAPUA BARAT,2015,343,87,50,184,679,62,70,223,642,184,1581,451
PAPUA,2015,1778,10,84,344,748,175,173,800,400,282,481,280
ACEH,2014,12518,232,703,6984,26220,12160,1859,10364,32955,5617,22613,1507
SUMATERA UTARA,2014,146889,354087,237581,12819,31378,13616,6840,26239,28325,10319,80442,12661
SUMATERA BARAT,2014,11778,2446,289,9131,9010,317,2152,13765,14898,42464,58343,2703
RIAU,2014,13651,1966,107438,14270,9785,327,994,7379,9840,483,10201,2413
JAMBI,2014,3043,921,218861,9219,4664,198,1194,10909,6418,1954,22475,1009
SUMATERA SELATAN,2014,8711,1221,57990,11513,10727,313,2111,11876,10643,13016,13994,2059
BENGKULU,2014,1401,1129,228,3332,4307,245,483,7679,5057,4780,17119,655
LAMPUNG,2014,25944,4697,560026,27476,19975,743,3261,104131,17438,10361,44299,2799
KEP. BANGKA BELITUNG,2014,2560,789,7372,4104,4206,75,322,1881,2325,335,6508,294
KEP. RIAU,2014,2373,635,999,2894,3066,86,240,2433,7438,61,7318,193
DKI JAKARTA,2014,0,56,0,1422,10647,4,3071,896,2793,188,195,2035
JAWA BARAT,2014,22826,69299,149814,64610,321482,4418,13847,71768,98802,89351,57494,44473
JAWA TENGAH,2014,73002,441841,142074,93647,459669,12270,19617,105625,110180,33227,101168,40462
DI YOGYAKARTA,2014,11736,75751,600,26870,49667,420,2430,13606,23069,5632,7894,4005
JAWA TIMUR,2014,165410,66802,186949,101831,922727,23678,14918,248732,121606,54688,167887,26591
BANTEN,2014,371,1960,360,8635,49089,207,2678,8215,19066,1055,37934,3708
BALI,2014,22585,69271,525,55057,45258,547,591,8393,15801,2187,12994,1780
NUSA TENGGARA BARAT,2014,18429,25,4795,51163,118427,1495,1636,11216,10285,1172,9799,10907
NUSA TENGGARA TIMUR,2014,746,988,7100,20038,63872,5152,1306,56364,2499,11211,1233,5233
KALIMANTAN BARAT,2014,7570,812,86531,7302,5408,1049,1277,9582,15655,299,25255,1505
KALIMANTAN TENGAH,2014,3467,1091,9819,22325,5205,1271,1304,4668,21106,143,14302,2141
KALIMANTAN SELATAN,2014,45245,794,21024,20787,10298,1449,1751,5999,34938,48,15099,2406
KALIMANTAN TIMUR,2014,19927,7111,25637,17780,13072,611,1397,25089,31262,482,20802,1515
KALIMANTAN UTARA,2014,,0,0,0,0,0,0,0,0,0,0,0
SULAWESI UTARA,2014,340,3064,1734,1896,10192,169,180,4735,3133,1298,2320,362
SULAWESI TENGAH,2014,4791,949,1332,6595,16333,668,1142,4357,10681,2091,19278,688
SULAWESI SELATAN,2014,19714,9282,1452,26957,161829,56799,3135,43055,55622,12680,49594,11236
SULAWESI TENGGARA,2014,1266,800,2343,5744,14769,1674,1317,9605,20229,386,7653,1276
GORONTALO,2014,59,4,191,729,4135,146,52,468,582,26,1926,60
SULAWESI BARAT,2014,55,63,1026,2543,13707,393,105,1605,2402,278,9071,79
MALUKU,2014,332,605,454,4672,8687,376,427,7998,810,852,7319,282
MALUKU UTARA,2014,2416,58,119,1409,2654,247,195,780,592,435,4709,170
PAPUA BARAT,2014,402,162,51,244,268,46,73,411,342,128,1258,117
PAPUA,2014,4438,51,74,299,596,127,78,298,455,79,631,94
ACEH,2013,15017,175,495,7440,25898,11380,2175,10164,24121,6557,15785,1865
SUMATERA UTARA,2013,69685,244445,228136,14876,34549,7697,6990,27757,27800,8575,79993,15070
SUMATERA BARAT,2013,17153,2166,311,7622,7740,213,2067,15642,19555,40990,54958,2506
RIAU,2013,10340,830,96172,11464,6210,285,1523,19518,7604,590,7951,2357
JAMBI,2013,3750,751,156369,8742,2217,249,977,12680,8844,2012,12146,982
SUMATERA SELATAN,2013,9557,1376,57887,11754,9683,357,2090,8667,13239,6392,23736,2306
BENGKULU,2013,4881,1808,319,5006,4606,692,664,8665,4859,4223,11038,1065
LAMPUNG,2013,31621,4079,722620,25623,16587,634,2808,101795,32839,9723,27994,2623
KEP. BANGKA BELITUNG,2013,2627,746,15568,4935,3555,79,594,1604,1421,363,3197,397
KEP. RIAU,2013,2014,1159,1709,3671,1987,127,213,3192,4659,73,2284,268
DKI JAKARTA,2013,0,58,0,649,11297,105,1667,933,1386,134,232,1446
JAWA BARAT,2013,25018,95105,95015,54775,327070,3929,15541,66439,65449,81621,48821,47764
JAWA TENGAH,2013,55395,451663,113092,86520,404443,9610,17774,148898,71380,26831,69542,36718
DI YOGYAKARTA,2013,10153,106146,636,26714,36889,448,2232,12664,10519,6245,7364,4514
JAWA TIMUR,2013,133071,58778,197165,105389,799411,20792,13641,291789,89779,53593,180067,22149
BANTEN,2013,1835,2052,468,7545,57189,302,5551,10468,33547,1666,40823,3729
BALI,2013,21328,32194,463,33019,36643,433,666,7869,7397,2240,8342,1513
NUSA TENGGARA BARAT,2013,3514,17,43799,48097,110637,2886,1968,7637,7325,1178,6598,10037
NUSA TENGGARA TIMUR,2013,547,858,6788,22694,61493,4433,1170,52781,2425,9312,969,4468
KALIMANTAN BARAT,2013,3888,913,90570,7168,3760,1312,1442,9812,14539,140,24110,1391
KALIMANTAN TENGAH,2013,2136,1579,9734,18355,4986,895,806,3217,12079,91,12834,1293
KALIMANTAN SELATAN,2013,9620,931,10949,11572,5780,1385,1775,5664,12143,28,12591,2273
KALIMANTAN TIMUR,2013,13561,8334,26731,16915,10167,704,1083,21845,17765,478,14554,1356
KALIMANTAN UTARA,2013,,,,,,,,,,,,
SULAWESI UTARA,2013,431,63,1235,1417,6180,406,380,4468,3924,1572,4975,517
SULAWESI TENGAH,2013,1118,1120,1102,10215,17473,1000,1954,4871,16081,4457,15240,1206
SULAWESI SELATAN,2013,5296,11811,2009,22011,148117,33052,1624,30688,51623,18630,52393,9659
SULAWESI TENGGARA,2013,1887,526,1736,4663,16140,1316,992,8524,13492,505,6159,892
GORONTALO,2013,94,2,205,708,3548,111,38,425,529,24,961,49
SULAWESI BARAT,2013,92,69,825,2908,11006,429,147,1220,2334,521,5699,158
MALUKU,2013,418,341,453,2151,5216,505,333,8487,953,530,4626,294
MALUKU UTARA,2013,209,34,53,632,1269,143,103,362,705,126,1292,65
PAPUA BARAT,2013,1124,132,56,501,383,65,109,387,1046,158,1172,537
PAPUA,2013,3248,151,136,615,806,370,194,695,1099,323,612,177
ACEH,2012,23972,337,545,9401,39465,11627,3057,12535,30160,4231,37203,3371
SUMATERA UTARA,2012,79439,350010,262090,16444,35471,11897,7940,31658,26908,7954,102766,19861
SUMATERA BARAT,2012,16209,2758,278,8133,8665,230,2184,11623,11321,42600,45116,2132
RIAU,2012,8395,920,92445,11327,7337,291,1312,12966,9223,594,13250,2471
JAMBI,2012,6105,841,144896,12854,3898,2074,1192,29791,52249,2826,32768,1642
SUMATERA SELATAN,2012,6342,920,47341,10859,14294,603,1895,7064,15504,4198,28344,1797
BENGKULU,2012,8533,3683,482,7461,6309,641,986,9290,9610,6489,17487,1755
LAMPUNG,2012,30199,6264,585608,29395,21725,640,3976,103312,34934,10886,45396,2850
KEP. BANGKA BELITUNG,2012,3331,1173,24107,9987,3634,129,529,1355,5942,376,9956,488
KEP. RIAU,2012,1785,1072,1851,2903,3887,162,325,1671,7296,72,4744,167
DKI JAKARTA,2012,0,248,0,1990,15413,101,3528,1133,4193,304,937,2385
JAWA BARAT,2012,16272,40816,174451,90468,344205,3281,20396,75980,131942,89797,76599,65897
JAWA TENGAH,2012,76473,443840,69058,91762,422992,4506,19548,78292,82557,23119,79236,33977
DI YOGYAKARTA,2012,5076,40262,600,21799,41688,349,2277,11410,19474,7566,8528,4741
JAWA TIMUR,2012,136211,76356,196581,113260,840315,27709,13713,323371,104998,50101,158341,19642
BANTEN,2012,1649,1595,394,6240,52188,154,5065,11573,31907,1023,47466,4721
BALI,2012,12906,34060,546,33006,40372,405,880,7864,13219,1997,14134,1380
NUSA TENGGARA BARAT,2012,1568,13,11003,41915,137689,4148,3013,6953,4078,768,3587,10633
NUSA TENGGARA TIMUR,2012,653,804,7282,24550,71430,4115,884,53400,4131,10306,1172,5004
KALIMANTAN BARAT,2012,2691,1383,108704,11776,5674,1387,1796,9521,21437,233,25100,1752
KALIMANTAN TENGAH,2012,2604,1208,14252,18169,5379,669,994,3457,15882,128,10636,1629
KALIMANTAN SELATAN,2012,49829,898,7790,11193,6205,1404,1596,5662,19588,30,13291,2178
KALIMANTAN TIMUR,2012,8145,9340,21074,15603,10774,657,1011,21005,16232,744,17359,1319
KALIMANTAN UTARA,2012,,,,,,,,,,,,
SULAWESI UTARA,2012,530,65,2448,1401,6025,403,595,5656,3701,2866,5793,651
SULAWESI TENGAH,2012,1017,785,1085,11179,18353,1066,2140,6905,17718,4096,16543,1513
SULAWESI SELATAN,2012,7755,13572,2265,34401,158006,31462,1584,42517,44400,18210,38210,11771
SULAWESI TENGGARA,2012,2252,392,2637,5138,19833,1242,726,7959,11031,515,5171,1078
GORONTALO,2012,61,1,235,794,3942,115,32,422,456,19,939,55
SULAWESI BARAT,2012,441,75,840,5516,19805,500,153,1404,2141,451,3987,273
MALUKU,2012,921,757,368,1574,3546,231,219,6461,1344,348,6788,329
MALUKU UTARA,2012,255,135,149,519,3633,375,87,1236,801,444,12184,82
PAPUA BARAT,2012,819,362,163,1175,1181,186,310,1376,946,506,2846,351
PAPUA,2012,3098,462,331,1744,3006,629,449,1490,2020,403,2253,256
ACEH,2011,16542,381,845,8115,27053,12333,2666,14830,28100,7462,27044,2387
SUMATERA UTARA,2011,96559,360813,183213,14242,31743,5491,5207,36056,30528,8084,79659,20716
SUMATERA BARAT,2011,15295,3134,300,7203,9308,187,2363,11784,13385,38553,37133,1467
RIAU,2011,9604,827,109374,14623,6005,374,1317,7393,10382,639,11787,2898
JAMBI,2011,3984,403,67530,9532,3459,633,1194,19575,9623,1737,16693,1262
SUMATERA SELATAN,2011,7615,1504,76423,9630,9284,422,1906,4832,11015,3641,23100,1985
BENGKULU,2011,9249,3802,486,6465,5169,388,931,7705,11144,3606,33102,1273
LAMPUNG,2011,26300,7228,505337,28404,24752,1084,4101,123341,17396,11547,42550,2571
KEP. BANGKA BELITUNG,2011,3193,785,7549,6624,4143,75,398,1674,5888,270,10716,304
KEP. RIAU,2011,1813,176,1410,3171,4047,96,381,1847,6791,63,4216,166
DKI JAKARTA,2011,0,32,0,532,3602,2,620,341,769,54,226,776
JAWA BARAT,2011,23856,68595,315016,95089,357188,4149,35938,98253,211364,96425,157030,75455
JAWA TENGAH,2011,83545,437401,92953,82886,350780,4912,14974,50034,126093,16473,76334,31298
DI YOGYAKARTA,2011,7605,25807,353,15867,31011,280,1204,7262,19781,1758,4242,2591
JAWA TIMUR,2011,104756,104722,40045,100008,754930,12967,9825,363008,110184,46371,111207,18481
BANTEN,2011,2114,1917,475,5837,37286,552,3718,5603,17271,721,26291,4704
BALI,2011,10300,31896,646,29384,39551,413,731,9234,16698,1910,17059,1669
NUSA TENGGARA BARAT,2011,1879,22,10491,65789,113830,3058,3223,11135,8763,989,6431,16187
NUSA TENGGARA TIMUR,2011,444,1046,7454,24933,71962,3851,1000,64828,5788,15006,1211,6372
KALIMANTAN BARAT,2011,2104,1571,73815,7602,4777,1305,1851,11125,11659,117,23635,1621
KALIMANTAN TENGAH,2011,3173,917,16749,22433,4815,518,1024,2762,25748,85,17533,1804
KALIMANTAN SELATAN,2011,44054,1532,6207,19472,11479,1556,1532,5643,26284,32,25270,2258
KALIMANTAN TIMUR,2011,8280,9989,13929,14463,10870,491,763,29443,16589,545,10865,1331
KALIMANTAN UTARA,2011,,,,,,,,,,,,
SULAWESI UTARA,2011,455,59,2413,1360,5929,392,555,5544,3631,2737,5741,601
SULAWESI TENGAH,2011,1809,849,1094,11129,31702,1677,2108,9958,18963,4243,31883,1654
SULAWESI SELATAN,2011,7135,14683,1759,35628,124058,35591,1425,35111,31709,10589,37533,7859
SULAWESI TENGGARA,2011,1674,434,2688,5032,18572,1888,1263,8831,9029,456,4615,1223
GORONTALO,2011,53,2,245,835,4420,124,19,501,355,16,1167,40
SULAWESI BARAT,2011,213,150,849,4534,15780,857,229,1662,3967,405,28353,238
MALUKU,2011,241,848,537,2159,9338,369,230,6413,515,592,5414,233
MALUKU UTARA,2011,193,160,92,394,2367,245,128,496,649,356,2902,67
PAPUA BARAT,2011,256,167,112,436,477,159,119,399,434,156,861,186
PAPUA,2011,3357,273,237,997,1452,630,213,1628,1414,315,2166,159
ACEH,2010,21673,433,1015,7546,21281,11226,2953,10349,13536,5095,15192,2434
SUMATERA UTARA,2010,34196,328877,102438,15053,28132,7235,6536,29040,43777,7644,66487,35261
SUMATERA BARAT,2010,11218,2994,507,7145,7309,124,3013,8985,8663,29457,22112,1474
RIAU,2010,7588,1013,19838,14875,5341,285,2155,7570,5362,535,2374,2445
JAMBI,2010,2655,377,31165,17290,2207,579,1403,21881,2463,2379,7036,1494
SUMATERA SELATAN,2010,6894,1918,114305,10358,8310,437,2363,7567,11321,3382,13188,2601
BENGKULU,2010,7646,3088,570,3901,3314,647,420,6485,3171,2219,5041,1384
LAMPUNG,2010,28240,7364,469034,25381,12480,735,4957,50959,22995,9864,36682,3895
KEP. BANGKA BELITUNG,2010,4695,1044,9754,2756,2810,203,353,1431,2540,328,2616,319
KEP. RIAU,2010,366,132,4406,2844,2170,88,136,2340,4873,80,2235,87
DKI JAKARTA,2010,0,26,0,433,3307,0,573,544,692,44,260,776
JAWA BARAT,2010,19322,50638,385640,62401,137104,3553,16610,62101,83317,61096,39719,49203
JAWA TENGAH,2010,46898,135457,58163,75438,203912,7117,15054,43006,67375,15562,41765,26659
DI YOGYAKARTA,2010,8475,57801,547,20825,11841,240,1838,7892,20126,3697,5383,3042
JAWA TIMUR,2010,96089,72765,72404,81777,416803,22531,8716,202000,64052,44540,87037,17709
BANTEN,2010,776,1895,490,6040,15947,627,3805,5631,19653,760,8760,5954
BALI,2010,17929,40676,863,20483,28924,656,971,10068,12421,1626,5811,1401
NUSA TENGGARA BARAT,2010,2688,75,20699,59209,104669,4144,2488,24269,3118,679,2830,16559
NUSA TENGGARA TIMUR,2010,1483,969,8982,23995,68948,5910,985,71362,4304,16048,1402,7030
KALIMANTAN BARAT,2010,1853,2061,56190,6614,1960,1019,1291,10371,4512,224,8061,2004
KALIMANTAN TENGAH,2010,3810,2553,15921,20396,4576,788,1052,2282,17651,52,10000,1893
KALIMANTAN SELATAN,2010,4684,1268,2539,15768,2837,1612,1581,5468,8683,6,7609,2397
KALIMANTAN TIMUR,2010,5733,22205,14834,15534,10450,653,1341,23254,15953,555,9639,2020
KALIMANTAN UTARA,2010,,,,,,,,,,,,
SULAWESI UTARA,2010,1500,2397,10183,5633,16905,776,631,7930,26490,4865,8265,913
SULAWESI TENGAH,2010,1469,932,995,9255,19490,1125,1507,6346,8312,2533,17703,1685
SULAWESI SELATAN,2010,5022,9508,1479,31996,100935,12048,1307,28889,28645,7701,36475,10901
SULAWESI TENGGARA,2010,1207,330,1815,4785,25783,2275,958,7917,9581,392,4522,1211
GORONTALO,2010,80,8,278,1062,4452,198,29,558,128,54,793,74
SULAWESI BARAT,2010,178,207,533,5194,8205,2645,430,2002,3545,732,15335,839
MALUKU,2010,127,115,308,956,1776,134,170,2580,207,170,3080,36
MALUKU UTARA,2010,553,285,87,615,1484,756,46,265,950,391,1753,95
PAPUA BARAT,2010,529,313,273,1899,1885,157,127,2690,3307,786,2000,391
PAPUA,2010,3055,152,190,870,1740,608,174,1769,1129,782,974,365
ACEH,2009,13976,605,973,7171,22422,9350,2448,8652,20864,4024,14893,2219
SUMATERA UTARA,2009,43207,259103,134077,19401,21971,3968,6046,27659,60153,7481,102580,24682
SUMATERA BARAT,2009,11868,1881,983,6765,9649,110,2248,9011,18571,23093,37388,1095
RIAU,2009,7289,776,66422,17522,7029,364,10618,8842,21989,530,11510,2921
JAMBI,2009,1359,863,75008,13334,2798,359,913,43262,18629,4056,24287,1832
SUMATERA SELATAN,2009,11588,2038,140850,14333,13589,386,3065,7225,22875,4172,36112,3718
BENGKULU,2009,8948,1506,625,3845,3966,2100,814,7919,7417,2255,24343,956
LAMPUNG,2009,29113,5409,442431,22767,15517,626,3396,53354,28380,9257,30463,3090
KEP. BANGKA BELITUNG,2009,3989,1908,9266,4438,3440,167,348,1442,4927,452,8566,464
KEP. RIAU,2009,1061,322,2726,3014,1843,162,187,1889,6533,45,6333,113
DKI JAKARTA,2009,0,29,0,443,2783,0,487,692,617,48,288,794
JAWA BARAT,2009,41149,149228,465802,85927,398159,4514,28994,90470,275238,81844,70362,70997
JAWA TENGAH,2009,86727,174519,21363,86358,423752,7630,14274,55956,115269,19030,74368,25616
DI YOGYAKARTA,2009,7351,62572,542,19969,41775,157,1597,9093,24923,4461,9217,4113
JAWA TIMUR,2009,114420,74042,44275,97876,694314,36501,10365,231975,143208,50620,141522,19057
BANTEN,2009,3029,1394,369,6207,23991,366,3091,4061,23541,617,28152,3076
BALI,2009,15826,46214,1089,21012,59868,1428,1033,9808,15859,2076,15650,1828
NUSA TENGGARA BARAT,2009,3057,75,50105,66015,99360,3646,2809,17077,9455,1131,6085,20476
NUSA TENGGARA TIMUR,2009,1952,1208,7298,30008,155999,8287,1214,63535,5156,20495,910,9270
KALIMANTAN BARAT,2009,3317,4067,34874,16643,3847,1172,1831,10585,19953,449,32387,2411
KALIMANTAN TENGAH,2009,3756,1915,34444,21799,6706,1047,1192,4368,30856,95,16915,1904
KALIMANTAN SELATAN,2009,42923,1115,3667,14807,6403,1657,1679,5421,24482,33,17969,2222
KALIMANTAN TIMUR,2009,8085,22334,10762,18975,12588,1068,1300,39817,28715,681,16359,2061
KALIMANTAN UTARA,2009,,,,,,,,,,,,
SULAWESI UTARA,2009,1591,5557,5125,3502,16007,766,567,5635,13965,4581,11974,826
SULAWESI TENGAH,2009,969,519,761,5260,13794,464,710,2728,5724,1259,10027,796
SULAWESI SELATAN,2009,2972,8395,1915,28505,147423,14701,1342,37232,25855,11827,25877,11187
SULAWESI TENGGARA,2009,2173,362,1110,3306,10062,1524,701,4357,4353,161,1981,858
GORONTALO,2009,270,5,210,1018,3901,77,61,794,133,59,666,139
SULAWESI BARAT,2009,60,120,469,6458,11533,2097,920,1731,4734,966,9050,459
MALUKU,2009,29,129,144,1007,2106,158,355,2790,289,417,5538,223
MALUKU UTARA,2009,476,37,79,462,605,73,38,186,167,74,334,54
PAPUA BARAT,2009,810,131,201,3714,724,190,96,2789,1812,902,2036,398
PAPUA,2009,1358,636,231,1583,5516,813,146,2489,2199,451,3656,347
ACEH,2008,26006,187,982,3271,15212,8786,1170,4293,14911,1386,8732,1472
SUMATERA UTARA,2008,36436,229511,144266,24008,26365,2491,12795,23287,67639,9093,128803,22782
SUMATERA BARAT,2008,14383,2305,932,7313,6393,140,2140,8900,24626,29115,41974,1499
RIAU,2008,7531,633,45585,12449,6012,432,7762,6566,11850,358,10571,2610
JAMBI,2008,1927,296,16604,12425,2672,273,1449,25954,42676,4743,13482,1203
SUMATERA SELATAN,2008,9223,1335,96797,13500,9479,560,3733,5500,21143,3719,24159,3918
BENGKULU,2008,18579,2710,625,5527,3484,1040,840,7941,8802,3378,26904,794
LAMPUNG,2008,16976,6712,486597,29046,42846,766,5012,70464,33102,12951,31211,3416
KEP. BANGKA BELITUNG,2008,3588,1067,5782,5270,1899,223,670,1477,3121,325,2417,1347
KEP. RIAU,2008,479,116,3974,2507,255,65,146,1436,2445,53,4551,79
DKI JAKARTA,2008,0,73,3,368,2691,0,560,508,695,50,129,592
JAWA BARAT,2008,20374,143470,412922,111275,474777,3378,30550,86562,275392,72324,91097,72720
JAWA TENGAH,2008,58142,251173,31362,122973,348808,4756,16189,59050,120774,23016,65019,23413
DI YOGYAKARTA,2008,7047,59929,551,19879,34619,144,1461,11235,27456,4116,6288,4528
JAWA TIMUR,2008,80725,53287,111086,99071,691904,24289,9803,210680,137845,40482,91078,17936
BANTEN,2008,2453,771,305,5326,23965,149,2402,4853,19667,422,23274,5190
BALI,2008,21133,56413,1090,15645,67644,640,991,9728,18351,1432,8403,1673
NUSA TENGGARA BARAT,2008,1757,46,3601,49691,61320,1333,1958,7465,6460,572,3289,15587
NUSA TENGGARA TIMUR,2008,2310,824,5674,30888,109894,6743,1174,64248,5114,11545,787,7579
KALIMANTAN BARAT,2008,1760,1598,20320,9139,2356,565,1565,3017,10573,282,16436,1917
KALIMANTAN TENGAH,2008,4212,874,16692,12744,4662,451,697,2436,18988,58,8040,1381
KALIMANTAN SELATAN,2008,18491,1121,3602,11437,6156,2478,1565,4366,20253,42,9276,2617
KALIMANTAN TIMUR,2008,10106,31163,15019,18179,7281,603,1073,47071,38141,524,6075,1876
KALIMANTAN UTARA,2008,,,,,,,,,,,,
SULAWESI UTARA,2008,1561,5553,4995,3333,12360,742,528,5030,13715,4542,11500,814
SULAWESI TENGAH,2008,603,515,671,5083,11709,458,633,2667,5569,1254,9196,778
SULAWESI SELATAN,2008,2193,8953,1631,24497,107326,9493,1363,27579,13365,15818,21104,12113
SULAWESI TENGGARA,2008,867,322,450,5463,5391,826,751,3182,7580,192,1886,868
GORONTALO,2008,7,3,268,792,3109,158,76,712,33,38,224,139
SULAWESI BARAT,2008,8,102,303,9588,7227,3326,490,1201,2553,1148,3947,316
MALUKU,2008,78,122,211,984,2402,63,149,3628,194,207,5338,212
MALUKU UTARA,2008,428,300,25,540,459,783,1540,3265,3134,247,1975,520
PAPUA BARAT,2008,373,357,53,1627,545,33,45,1010,759,540,1957,146
PAPUA,2008,1781,624,155,1617,3863,434,215,2588,1333,243,3201,225
ACEH,2007,25501,533,710,7981,25347,9317,1636,9016,38847,5700,29442,1512
SUMATERA UTARA,2007,39222,247406,119589,22485,34349,1222,10606,22154,49544,6808,126211,15660
SUMATERA BARAT,2007,13549,1644,824,5825,3827,70,1107,6519,16560,21968,26524,1017
RIAU,2007,7341,390,33753,10144,4820,525,1368,4314,13382,316,8739,1839
JAMBI,2007,2653,362,10148,22285,3054,2509,1101,37514,64649,3923,11987,1681
SUMATERA SELATAN,2007,7363,724,54461,11134,7418,958,4204,5101,12007,2204,15390,4198
BENGKULU,2007,9709,1572,618,2944,2175,1039,803,7029,4309,2230,21190,422
LAMPUNG,2007,13517,6828,396815,26807,17140,476,3254,28262,23976,6351,27863,3241
KEP. BANGKA BELITUNG,2007,3448,1150,4703,7963,2147,390,381,1598,1601,354,2321,358
KEP. RIAU,2007,145,93,271,1261,335,32,42,247,233,34,170,29
DKI JAKARTA,2007,0,86,0,702,1817,0,1059,848,1145,47,67,836
JAWA BARAT,2007,26910,131735,540684,83936,447565,3179,23893,100188,175533,75397,59831,65131
JAWA TENGAH,2007,72191,171218,34239,76469,263507,929,13385,55303,56727,6027,44948,16549
DI YOGYAKARTA,2007,11564,58891,556,23414,33006,231,1772,12618,18877,3694,5277,3983
JAWA TIMUR,2007,78031,54893,93549,76625,593824,28984,12201,149107,84672,35392,79184,14309
BANTEN,2007,1486,2475,289,10764,12020,223,3629,3642,9841,220,16729,3946
BALI,2007,12992,79364,1131,18000,47828,162,967,11620,14833,1125,8027,1678
NUSA TENGGARA BARAT,2007,1955,22,44431,72453,103015,2084,2720,14107,6714,1516,5475,19075
NUSA TENGGARA TIMUR,2007,1338,547,4476,20036,60275,6453,715,50417,2383,10249,518,4549
KALIMANTAN BARAT,2007,1815,2348,22307,7293,1214,733,990,4785,11901,94,16959,847
KALIMANTAN TENGAH,2007,1781,810,13872,16176,4791,763,1185,3436,12042,43,4925,2278
KALIMANTAN SELATAN,2007,3291,836,3943,11883,5241,597,604,4482,15743,32,4673,2263
KALIMANTAN TIMUR,2007,5460,24731,5574,14446,3673,410,887,40266,18931,221,8122,1568
KALIMANTAN UTARA,2007,,,,,,,,,,,,
SULAWESI UTARA,2007,1688,5243,3703,2825,12989,649,383,6223,9931,3329,10489,1144
SULAWESI TENGAH,2007,468,351,455,5241,6342,243,909,4534,3486,982,4579,877
SULAWESI SELATAN,2007,4495,10275,2711,29414,96198,9541,1428,21946,27826,11327,33549,8813
SULAWESI TENGGARA,2007,495,171,457,3756,2429,988,716,2782,4434,51,2709,451
GORONTALO,2007,22,23,242,802,3545,35,86,655,108,21,247,137
SULAWESI BARAT,2007,8,48,425,3691,9607,341,114,891,1524,120,3013,122
MALUKU,2007,56,127,239,1881,4998,196,237,4395,341,411,8123,275
MALUKU UTARA,2007,420,220,90,1037,355,454,1168,4421,1567,164,2245,276
PAPUA BARAT,2007,,,,,,,,,,,,
PAPUA,2007,,,,,,,,,,,,
ACEH,2006,31486,478,695,4497,32677,8873,8564,13395,37671,5239,57120,4146
SUMATERA UTARA,2006,50401,248410,130451,24801,31473,665,11309,19600,38612,6735,125742,13782
SUMATERA BARAT,2006,15651,1949,734,6867,6280,69,1882,3843,19165,19247,47788,572
RIAU,2006,8415,1073,46400,12996,5404,776,2793,8215,20277,468,12696,3755
JAMBI,2006,3012,129,9048,13152,1892,277,2112,9823,12085,2248,19223,3356
SUMATERA SELATAN,2006,5917,616,141542,20258,11363,4057,10929,7266,29036,5305,44160,5757
BENGKULU,2006,2112,983,106,4383,1697,92,776,2087,5589,1779,36795,696
LAMPUNG,2006,11871,10058,303766,29744,16971,2827,3364,24538,25199,9772,18472,4097
KEP. BANGKA BELITUNG,2006,2223,2118,1365,18002,1687,286,837,2037,1498,291,4277,436
KEP. RIAU,2006,170,1,597,160,406,0,2,16,256,8,33,0
DKI JAKARTA,2006,0,58,0,870,1295,0,1072,1114,1146,35,98,1661
JAWA BARAT,2006,16651,123646,615375,71973,371800,3324,22479,101184,204465,77617,89420,47736
JAWA TENGAH,2006,92160,202432,34734,90859,206672,1196,17321,62438,102140,15105,62632,19697
DI YOGYAKARTA,2006,11042,68956,456,23135,29364,438,1562,11670,20986,2524,4910,5035
JAWA TIMUR,2006,96516,82444,90875,84010,627911,41131,20392,214855,95786,44795,49721,22224
BANTEN,2006,1562,2362,255,10522,14405,381,4685,3788,20526,1908,19163,7443
BALI,2006,12924,62445,1684,24020,45760,123,1408,17331,16696,1313,3704,2642
NUSA TENGGARA BARAT,2006,2780,17,3005,108720,68869,976,3044,9470,5788,834,5693,27859
NUSA TENGGARA TIMUR,2006,823,611,2580,15383,42066,4124,464,31193,1353,28628,571,5062
KALIMANTAN BARAT,2006,2336,2733,17936,13131,3066,1034,2666,4678,41167,340,39604,1967
KALIMANTAN TENGAH,2006,3074,1247,11751,19631,4203,509,1174,4303,21553,29,2843,1906
KALIMANTAN SELATAN,2006,5239,786,2823,10225,6298,143,2029,4482,23978,11,13618,1406
KALIMANTAN TIMUR,2006,6438,14273,2865,22817,3567,509,1135,29412,12476,281,14265,2918
KALIMANTAN UTARA,2006,,,,,,,,,,,,
SULAWESI UTARA,2006,892,4850,4249,3218,12123,629,444,3937,10380,3323,11222,900
SULAWESI TENGAH,2006,208,220,403,6083,6499,641,1103,3153,4464,1934,7147,1071
SULAWESI SELATAN,2006,4906,27214,1789,19491,46874,9602,2689,33965,12793,7345,30465,7944
SULAWESI TENGGARA,2006,2130,170,1023,10890,6806,1280,1109,4452,2578,92,3623,471
GORONTALO,2006,22,31,147,1210,1452,102,85,345,353,33,313,223
SULAWESI BARAT,2006,29,115,409,4772,6605,278,124,947,4800,76,4802,200
MALUKU,2006,0,119,256,1967,3846,108,230,4688,251,346,6928,467
MALUKU UTARA,2006,425,290,169,1358,1561,1204,483,2558,5516,297,4193,480
PAPUA BARAT,2006,191,1051,197,3864,756,12,189,2195,2033,1102,6309,173
PAPUA,2006,1012,65,96,895,350,33,88,473,464,403,298,98
